product_code,customer_code,market_code,order_date,sales_qty,sales_amount,currency,norm_sales_amount
Prod001,Cus001,Mark001,2017-10-10,100,41241,INR,41241
Prod002,Cus003,Mark003,2018-04-06,1,875,INR,875
Prod002,Cus003,Mark003,2018-04-11,1,583,INR,583
Prod002,Cus004,Mark003,2018-06-18,6,7176,INR,7176
Prod003,Cus005,Mark004,2017-11-20,59,500,USD,41000
Prod003,Cus005,Mark004,2017-11-22,36,250,USD,20500
Prod003,Cus005,Mark004,2017-11-23,39,21412,INR,21412
Prod003,Cus005,Mark004,2017-11-27,35,19213,INR,19213
Prod003,Cus005,Mark004,2017-11-28,310,170185,INR,170185
Prod003,Cus005,Mark004,2017-11-29,184,101194,INR,101194
Prod003,Cus005,Mark004,2017-11-30,35,19213,INR,19213
Prod004,Cus005,Mark004,2017-11-29,17,9426,INR,9426
Prod004,Cus005,Mark004,2017-12-19,1,218,INR,218
Prod005,Cus005,Mark004,2018-08-07,5,3093,INR,3093
Prod003,Cus006,Mark004,2017-12-04,58,30306,INR,30306
Prod005,Cus006,Mark004,2018-06-29,38,52319,INR,52319
Prod005,Cus006,Mark004,2018-07-02,93,126296,INR,126296
Prod005,Cus006,Mark004,2018-07-03,79,107500,INR,107500
Prod005,Cus006,Mark004,2018-07-04,1,273,INR,273
Prod005,Cus006,Mark004,2018-07-06,3,3574,INR,3574
Prod005,Cus006,Mark004,2018-07-13,1,273,INR,273
Prod005,Cus006,Mark004,2019-06-07,20,23403,INR,23403
Prod005,Cus006,Mark004,2019-07-29,81,76329,INR,76329
Prod005,Cus006,Mark004,2019-08-01,5,4542,INR,4542
Prod005,Cus006,Mark004,2019-09-19,18,16579,INR,16579
Prod005,Cus006,Mark004,2019-09-27,90,105301,INR,105301
Prod004,Cus007,Mark004,2017-10-09,1,185,INR,185
Prod004,Cus007,Mark004,2017-10-13,1,556,INR,556
Prod004,Cus007,Mark004,2017-10-27,1,551,INR,551
Prod004,Cus007,Mark004,2017-11-03,1,167,INR,167
Prod004,Cus007,Mark004,2017-11-06,1,333,INR,333
Prod004,Cus007,Mark004,2017-11-10,1,500,INR,500
Prod004,Cus007,Mark004,2017-11-16,1,333,INR,333
Prod004,Cus007,Mark004,2017-11-17,1,333,INR,333
Prod004,Cus007,Mark004,2017-11-27,1,500,INR,500
Prod004,Cus007,Mark004,2017-12-04,1,833,INR,833
Prod004,Cus007,Mark004,2017-12-08,1,167,INR,167
Prod004,Cus007,Mark004,2017-12-11,1,833,INR,833
Prod004,Cus007,Mark004,2017-12-18,1,1000,INR,1000
Prod004,Cus007,Mark004,2017-12-27,2,1833,INR,1833
Prod004,Cus007,Mark004,2017-12-28,1,167,INR,167
Prod004,Cus007,Mark004,2018-01-05,1,167,INR,167
Prod004,Cus007,Mark004,2018-01-08,1,833,INR,833
Prod004,Cus007,Mark004,2018-01-22,1,167,INR,167
Prod004,Cus007,Mark004,2018-02-21,26,10657,INR,10657
Prod004,Cus007,Mark004,2018-02-23,1,167,INR,167
Prod005,Cus007,Mark004,2018-08-03,1,157,INR,157
Prod005,Cus007,Mark004,2018-08-24,1,315,INR,315
Prod005,Cus007,Mark004,2018-09-21,1,630,INR,630
Prod005,Cus007,Mark004,2018-09-28,1,315,INR,315
Prod005,Cus007,Mark004,2018-11-09,1,157,INR,157
Prod005,Cus007,Mark004,2018-11-16,1,472,INR,472
Prod005,Cus007,Mark004,2018-12-07,1,157,INR,157
Prod005,Cus007,Mark004,2018-12-14,1,157,INR,157
Prod005,Cus007,Mark004,2019-01-25,1,315,INR,315
Prod005,Cus007,Mark004,2019-02-01,1,157,INR,157
Prod005,Cus007,Mark004,2019-02-08,1,472,INR,472
Prod005,Cus007,Mark004,2019-02-15,1,472,INR,472
Prod005,Cus007,Mark004,2019-02-22,1,315,INR,315
Prod005,Cus007,Mark004,2019-03-01,1,472,INR,472
Prod005,Cus007,Mark004,2019-03-08,1,315,INR,315
Prod005,Cus007,Mark004,2019-03-15,1,157,INR,157
Prod005,Cus007,Mark004,2019-03-22,1,315,INR,315
Prod005,Cus007,Mark004,2019-03-29,1,315,INR,315
Prod005,Cus007,Mark004,2019-04-05,1,315,INR,315
Prod005,Cus007,Mark004,2019-04-12,1,787,INR,787
Prod005,Cus007,Mark004,2019-04-23,1,630,INR,630
Prod005,Cus007,Mark004,2019-04-29,1,472,INR,472
Prod005,Cus007,Mark004,2019-05-06,1,315,INR,315
Prod005,Cus007,Mark004,2019-05-10,1,787,INR,787
Prod005,Cus007,Mark004,2019-05-17,1,1102,INR,1102
Prod005,Cus007,Mark004,2019-06-03,1,787,INR,787
Prod005,Cus007,Mark004,2019-06-07,1,157,INR,157
Prod005,Cus007,Mark004,2019-06-17,1,315,INR,315
Prod005,Cus007,Mark004,2019-06-24,1,315,INR,315
Prod005,Cus007,Mark004,2019-06-28,1,315,INR,315
Prod005,Cus007,Mark004,2019-07-05,1,472,INR,472
Prod005,Cus007,Mark004,2019-07-12,1,630,INR,630
Prod005,Cus007,Mark004,2019-07-19,1,944,INR,944
Prod005,Cus007,Mark004,2019-07-26,2,1417,INR,1417
Prod005,Cus007,Mark004,2019-08-02,2,1417,INR,1417
Prod005,Cus007,Mark004,2019-08-09,1,787,INR,787
Prod005,Cus007,Mark004,2019-08-16,1,1259,INR,1259
Prod005,Cus007,Mark004,2019-09-02,2,1574,INR,1574
Prod005,Cus007,Mark004,2019-09-03,1,630,INR,630
Prod005,Cus007,Mark004,2019-09-06,1,157,INR,157
Prod005,Cus007,Mark004,2019-09-13,2,1417,INR,1417
Prod005,Cus007,Mark004,2019-09-20,1,630,INR,630
Prod005,Cus007,Mark004,2019-09-23,200,66111,INR,66111
Prod005,Cus007,Mark004,2019-09-27,2,1884,INR,1884
Prod005,Cus007,Mark004,2019-10-07,1,944,INR,944
Prod005,Cus007,Mark004,2019-10-28,7,2574,INR,2574
Prod005,Cus007,Mark004,2019-11-08,1,630,INR,630
Prod005,Cus007,Mark004,2019-11-15,1,472,INR,472
Prod005,Cus007,Mark004,2019-11-22,1,944,INR,944
Prod005,Cus007,Mark004,2019-11-29,2,1417,INR,1417
Prod005,Cus007,Mark004,2019-12-06,1,1259,INR,1259
Prod005,Cus007,Mark004,2019-12-13,4,3773,INR,3773
Prod005,Cus007,Mark004,2019-12-20,1,315,INR,315
Prod005,Cus007,Mark004,2020-01-09,1,630,INR,630
Prod005,Cus007,Mark004,2020-01-10,1,472,INR,472
Prod005,Cus007,Mark004,2020-01-17,2,2042,INR,2042
Prod005,Cus007,Mark004,2020-02-07,1,417,INR,417
Prod005,Cus007,Mark004,2020-02-14,1,310,INR,310
Prod005,Cus007,Mark004,2020-02-28,1,208,INR,208
Prod005,Cus007,Mark004,2020-03-06,1,620,INR,620
Prod005,Cus007,Mark004,2020-03-13,1,620,INR,620
Prod005,Cus007,Mark004,2020-04-03,1,829,INR,829
Prod005,Cus007,Mark004,2020-04-14,4,2694,INR,2694
Prod005,Cus007,Mark004,2020-04-20,1,102,INR,102
Prod005,Cus007,Mark004,2020-05-15,2,528,INR,528
Prod006,Cus005,Mark004,2017-10-24,1,380,INR,380
Prod006,Cus007,Mark004,2017-10-25,1,560,INR,560
Prod006,Cus007,Mark004,2017-10-30,1,560,INR,560
Prod006,Cus007,Mark004,2017-11-27,1,1116,INR,1116
Prod006,Cus008,Mark005,2017-12-11,1,657,INR,657
Prod006,Cus007,Mark004,2017-12-12,1,560,INR,560
Prod006,Cus008,Mark005,2017-12-19,1,657,INR,657
Prod006,Cus007,Mark004,2018-02-12,1,560,INR,560
Prod007,Cus007,Mark004,2018-10-19,11,6218,INR,6218
Prod008,Cus007,Mark004,2017-11-20,7,2426,INR,2426
Prod008,Cus007,Mark004,2017-11-24,33,15278,INR,15278
Prod009,Cus009,Mark002,2018-11-14,3,3032,INR,3032
Prod009,Cus010,Mark003,2019-05-22,2,3194,INR,3194
Prod009,Cus010,Mark003,2019-05-23,1,912,INR,912
Prod009,Cus010,Mark003,2019-05-28,1,1824,INR,1824
Prod009,Cus010,Mark003,2019-05-29,1,458,INR,458
Prod009,Cus003,Mark003,2019-05-31,3,4444,INR,4444
Prod009,Cus010,Mark003,2019-06-03,1,458,INR,458
Prod009,Cus010,Mark003,2019-06-04,1,458,INR,458
Prod009,Cus010,Mark003,2019-06-05,1,1824,INR,1824
Prod009,Cus003,Mark003,2019-06-05,2,2667,INR,2667
Prod009,Cus010,Mark003,2019-06-06,14,19171,INR,19171
Prod009,Cus010,Mark003,2019-06-07,1,458,INR,458
Prod009,Cus010,Mark003,2019-06-11,1,458,INR,458
Prod009,Cus010,Mark003,2019-06-12,1,458,INR,458
Prod009,Cus010,Mark003,2019-06-14,1,1370,INR,1370
Prod009,Cus003,Mark003,2019-06-14,2,2667,INR,2667
Prod009,Cus003,Mark003,2019-06-17,1,1333,INR,1333
Prod009,Cus011,Mark003,2019-06-18,1,597,INR,597
Prod009,Cus003,Mark003,2019-06-18,7,8889,INR,8889
Prod009,Cus003,Mark003,2019-06-19,1,1778,INR,1778
Prod009,Cus010,Mark003,2019-06-28,7,9130,INR,9130
Prod010,Cus011,Mark003,2018-04-23,1,602,INR,602
Prod010,Cus012,Mark003,2018-05-03,2,3227,INR,3227
Prod010,Cus003,Mark003,2018-05-04,1,449,INR,449
Prod010,Cus003,Mark003,2018-05-07,1,449,INR,449
Prod010,Cus003,Mark003,2018-05-09,1,449,INR,449
Prod010,Cus003,Mark003,2018-05-11,1,449,INR,449
Prod010,Cus013,Mark003,2018-05-11,7,9880,INR,9880
Prod010,Cus011,Mark003,2018-05-16,1,301,INR,301
Prod010,Cus014,Mark003,2018-05-16,6,7954,INR,7954
Prod010,Cus012,Mark003,2018-05-17,1,2153,INR,2153
Prod010,Cus014,Mark003,2018-05-17,4,5306,INR,5306
Prod010,Cus003,Mark003,2018-05-18,1,1801,INR,1801
Prod010,Cus003,Mark003,2018-05-23,2,2699,INR,2699
Prod010,Cus012,Mark003,2018-05-24,1,1616,INR,1616
Prod010,Cus003,Mark003,2018-05-25,2,2245,INR,2245
Prod010,Cus003,Mark003,2018-05-28,1,903,INR,903
Prod010,Cus014,Mark003,2018-05-29,4,5306,INR,5306
Prod010,Cus010,Mark003,2018-05-30,3,3778,INR,3778
Prod010,Cus012,Mark003,2018-05-31,1,537,INR,537
Prod010,Cus010,Mark003,2018-05-31,1,1417,INR,1417
Prod010,Cus014,Mark003,2018-05-31,4,5306,INR,5306
Prod010,Cus010,Mark003,2018-06-01,1,472,INR,472
Prod010,Cus003,Mark003,2018-06-01,3,4051,INR,4051
Prod010,Cus013,Mark003,2018-06-01,10,14815,INR,14815
Prod010,Cus003,Mark003,2018-06-06,3,4495,INR,4495
Prod010,Cus012,Mark003,2018-06-07,2,2690,INR,2690
Prod010,Cus010,Mark003,2018-06-07,1,1417,INR,1417
Prod010,Cus003,Mark003,2018-06-08,1,449,INR,449
Prod010,Cus014,Mark003,2018-06-08,18,23866,INR,23866
Prod010,Cus003,Mark003,2018-06-11,1,898,INR,898
Prod010,Cus013,Mark003,2018-06-11,3,4940,INR,4940
Prod010,Cus003,Mark003,2018-06-13,1,449,INR,449
Prod010,Cus012,Mark003,2018-06-14,1,2153,INR,2153
Prod010,Cus010,Mark003,2018-06-14,1,472,INR,472
Prod010,Cus003,Mark003,2018-06-14,1,449,INR,449
Prod010,Cus014,Mark003,2018-06-14,4,5306,INR,5306
Prod010,Cus003,Mark003,2018-06-15,3,3602,INR,3602
Prod010,Cus011,Mark003,2018-06-18,4,3583,INR,3583
Prod010,Cus003,Mark003,2018-06-18,4,4954,INR,4954
Prod010,Cus010,Mark003,2018-06-21,1,1889,INR,1889
Prod010,Cus010,Mark003,2018-07-18,1,472,INR,472
Prod010,Cus003,Mark003,2018-07-18,1,1352,INR,1352
Prod010,Cus012,Mark003,2018-07-19,1,1616,INR,1616
Prod010,Cus003,Mark003,2018-07-19,1,449,INR,449
Prod010,Cus003,Mark003,2018-07-23,1,1801,INR,1801
Prod010,Cus003,Mark003,2018-07-30,1,1801,INR,1801
Prod010,Cus003,Mark003,2019-01-25,1,449,INR,449
Prod010,Cus003,Mark003,2019-02-04,1,449,INR,449
Prod010,Cus003,Mark003,2019-02-20,1,449,INR,449
Prod010,Cus003,Mark003,2019-03-13,1,444,INR,444
Prod010,Cus003,Mark003,2019-03-28,1,444,INR,444
Prod011,Cus016,Mark002,2017-10-06,1,505,INR,505
Prod011,Cus016,Mark002,2017-10-13,1,1514,INR,1514
Prod011,Cus016,Mark002,2017-10-20,1,2023,INR,2023
Prod011,Cus016,Mark002,2017-10-27,25,37889,INR,37889
Prod011,Cus016,Mark002,2018-02-08,1,593,INR,593
Prod011,Cus007,Mark004,2018-02-16,1,597,INR,597
Prod011,Cus007,Mark004,2018-02-26,1,2389,INR,2389
Prod011,Cus016,Mark002,2018-03-01,1,593,INR,593
Prod011,Cus007,Mark004,2018-03-02,1,1194,INR,1194
Prod011,Cus007,Mark004,2018-03-05,8,13736,INR,13736
Prod011,Cus007,Mark004,2018-03-12,1,1194,INR,1194
Prod011,Cus007,Mark004,2018-04-03,1,597,INR,597
Prod011,Cus007,Mark004,2018-04-09,1,597,INR,597
Prod011,Cus007,Mark004,2018-04-13,1,597,INR,597
Prod011,Cus017,Mark007,2018-04-24,17,17472,INR,17472
Prod011,Cus007,Mark004,2018-04-26,2,2986,INR,2986
Prod011,Cus007,Mark004,2018-04-27,2,2986,INR,2986
Prod011,Cus007,Mark004,2018-05-07,1,597,INR,597
Prod011,Cus007,Mark004,2018-05-14,1,1194,INR,1194
Prod011,Cus007,Mark004,2018-05-18,1,796,INR,796
Prod011,Cus017,Mark007,2018-05-31,26,26722,INR,26722
Prod011,Cus007,Mark004,2018-06-11,1,796,INR,796
Prod011,Cus007,Mark004,2018-06-13,1,796,INR,796
Prod011,Cus007,Mark004,2018-06-14,1,3185,INR,3185
Prod011,Cus007,Mark004,2018-06-18,1,796,INR,796
Prod011,Cus007,Mark004,2018-06-22,1,2389,INR,2389
Prod011,Cus007,Mark004,2018-06-29,1,3185,INR,3185
Prod011,Cus007,Mark004,2018-07-09,2,5574,INR,5574
Prod011,Cus007,Mark004,2018-07-13,1,796,INR,796
Prod011,Cus007,Mark004,2018-07-20,1,796,INR,796
Prod011,Cus007,Mark004,2018-07-27,1,796,INR,796
Prod011,Cus007,Mark004,2018-08-03,1,1593,INR,1593
Prod011,Cus016,Mark002,2018-10-12,1,514,INR,514
Prod011,Cus007,Mark004,2018-10-17,1,4759,INR,4759
Prod011,Cus007,Mark004,2018-10-25,1,1190,INR,1190
Prod011,Cus007,Mark004,2018-10-26,1,1190,INR,1190
Prod011,Cus016,Mark002,2018-10-31,3,4106,INR,4106
Prod011,Cus007,Mark004,2018-11-05,2,5949,INR,5949
Prod011,Cus007,Mark004,2018-11-06,2,5949,INR,5949
Prod011,Cus016,Mark002,2018-12-07,1,514,INR,514
Prod011,Cus016,Mark002,2018-12-14,1,514,INR,514
Prod011,Cus016,Mark002,2018-12-21,1,514,INR,514
Prod011,Cus016,Mark002,2019-01-28,1,514,INR,514
Prod011,Cus016,Mark002,2019-02-01,1,514,INR,514
Prod011,Cus016,Mark002,2019-02-08,1,1028,INR,1028
Prod011,Cus016,Mark002,2019-02-15,1,2056,INR,2056
Prod011,Cus007,Mark004,2019-02-22,1,796,INR,796
Prod011,Cus016,Mark002,2019-02-22,1,1542,INR,1542
Prod011,Cus016,Mark002,2019-03-01,1,514,INR,514
Prod011,Cus016,Mark002,2019-03-08,1,1028,INR,1028
Prod011,Cus007,Mark004,2019-04-12,1,796,INR,796
Prod011,Cus007,Mark004,2019-06-03,1,796,INR,796
Prod011,Cus007,Mark004,2019-06-17,1,1593,INR,1593
Prod011,Cus007,Mark004,2019-06-24,1,796,INR,796
Prod011,Cus011,Mark003,2019-07-15,1,611,INR,611
Prod011,Cus016,Mark002,2019-08-16,1,1028,INR,1028
Prod011,Cus016,Mark002,2019-09-27,1,514,INR,514
Prod011,Cus016,Mark002,2019-10-04,1,514,INR,514
Prod011,Cus016,Mark002,2019-10-18,1,514,INR,514
Prod011,Cus007,Mark004,2019-10-21,1,796,INR,796
Prod011,Cus007,Mark004,2019-10-25,1,796,INR,796
Prod011,Cus016,Mark002,2019-11-01,1,514,INR,514
Prod011,Cus007,Mark004,2019-11-04,1,796,INR,796
Prod011,Cus007,Mark004,2019-11-08,1,1593,INR,1593
Prod011,Cus016,Mark002,2019-11-08,1,514,INR,514
Prod011,Cus007,Mark004,2019-11-15,1,3185,INR,3185
Prod011,Cus016,Mark002,2019-11-15,1,514,INR,514
Prod011,Cus016,Mark002,2019-11-18,1,514,INR,514
Prod011,Cus007,Mark004,2019-12-06,2,4778,INR,4778
Prod011,Cus016,Mark002,2019-12-06,1,514,INR,514
Prod011,Cus007,Mark004,2019-12-13,4,10352,INR,10352
Prod011,Cus007,Mark004,2019-12-20,1,796,INR,796
Prod011,Cus016,Mark002,2020-06-12,1,1028,INR,1028
Prod011,Cus016,Mark002,2020-06-16,1,514,INR,514
Prod012,Cus019,Mark002,2018-06-05,33,29648,INR,29648
Prod013,Cus001,Mark001,2017-10-10,240,143560,INR,143560
Prod013,Cus005,Mark004,2017-10-11,7,6204,INR,6204
Prod013,Cus007,Mark004,2017-10-16,1,495,INR,495
Prod013,Cus006,Mark004,2017-10-23,20,25130,INR,25130
Prod013,Cus007,Mark004,2017-10-25,1,986,INR,986
Prod013,Cus020,Mark004,2017-11-02,13,23898,INR,23898
Prod013,Cus005,Mark004,2017-11-03,1,296,INR,296
Prod013,Cus006,Mark004,2017-11-08,1,356,INR,356
Prod001,Cus001,Mark001,2017-10-10,100,41241,INR,41241
Prod002,Cus003,Mark003,2018-04-06,1,875,INR,875
Prod002,Cus003,Mark003,2018-04-11,1,583,INR,583
Prod002,Cus004,Mark003,2018-06-18,6,7176,INR,7176
Prod003,Cus005,Mark004,2017-11-20,59,500,USD,41000
Prod003,Cus005,Mark004,2017-11-22,36,250,USD,20500
Prod003,Cus005,Mark004,2017-11-23,39,21412,INR,21412
Prod003,Cus005,Mark004,2017-11-27,35,19213,INR,19213
Prod003,Cus005,Mark004,2017-11-28,310,170185,INR,170185
Prod003,Cus005,Mark004,2017-11-29,184,101194,INR,101194
Prod003,Cus005,Mark004,2017-11-30,35,19213,INR,19213
Prod004,Cus005,Mark004,2017-11-29,17,9426,INR,9426
Prod004,Cus005,Mark004,2017-12-19,1,218,INR,218
Prod005,Cus005,Mark004,2018-08-07,5,3093,INR,3093
Prod003,Cus006,Mark004,2017-12-04,58,30306,INR,30306
Prod005,Cus006,Mark004,2018-06-29,38,52319,INR,52319
Prod005,Cus006,Mark004,2018-07-02,93,126296,INR,126296
Prod005,Cus006,Mark004,2018-07-03,79,107500,INR,107500
Prod005,Cus006,Mark004,2018-07-04,1,273,INR,273
Prod005,Cus006,Mark004,2018-07-06,3,3574,INR,3574
Prod005,Cus006,Mark004,2018-07-13,1,273,INR,273
Prod005,Cus006,Mark004,2019-06-07,20,23403,INR,23403
Prod005,Cus006,Mark004,2019-07-29,81,76329,INR,76329
Prod005,Cus006,Mark004,2019-08-01,5,4542,INR,4542
Prod005,Cus006,Mark004,2019-09-19,18,16579,INR,16579
Prod005,Cus006,Mark004,2019-09-27,90,105301,INR,105301
Prod004,Cus007,Mark004,2017-10-09,1,185,INR,185
Prod004,Cus007,Mark004,2017-10-13,1,556,INR,556
Prod004,Cus007,Mark004,2017-10-27,1,551,INR,551
Prod004,Cus007,Mark004,2017-11-03,1,167,INR,167
Prod004,Cus007,Mark004,2017-11-06,1,333,INR,333
Prod004,Cus007,Mark004,2017-11-10,1,500,INR,500
Prod004,Cus007,Mark004,2017-11-16,1,333,INR,333
Prod004,Cus007,Mark004,2017-11-17,1,333,INR,333
Prod004,Cus007,Mark004,2017-11-27,1,500,INR,500
Prod004,Cus007,Mark004,2017-12-04,1,833,INR,833
Prod004,Cus007,Mark004,2017-12-08,1,167,INR,167
Prod004,Cus007,Mark004,2017-12-11,1,833,INR,833
Prod004,Cus007,Mark004,2017-12-18,1,1000,INR,1000
Prod004,Cus007,Mark004,2017-12-27,2,1833,INR,1833
Prod004,Cus007,Mark004,2017-12-28,1,167,INR,167
Prod004,Cus007,Mark004,2018-01-05,1,167,INR,167
Prod004,Cus007,Mark004,2018-01-08,1,833,INR,833
Prod004,Cus007,Mark004,2018-01-22,1,167,INR,167
Prod004,Cus007,Mark004,2018-02-21,26,10657,INR,10657
Prod004,Cus007,Mark004,2018-02-23,1,167,INR,167
Prod005,Cus007,Mark004,2018-08-03,1,157,INR,157
Prod005,Cus007,Mark004,2018-08-24,1,315,INR,315
Prod005,Cus007,Mark004,2018-09-21,1,630,INR,630
Prod005,Cus007,Mark004,2018-09-28,1,315,INR,315
Prod005,Cus007,Mark004,2018-11-09,1,157,INR,157
Prod005,Cus007,Mark004,2018-11-16,1,472,INR,472
Prod005,Cus007,Mark004,2018-12-07,1,157,INR,157
Prod005,Cus007,Mark004,2018-12-14,1,157,INR,157
Prod005,Cus007,Mark004,2019-01-25,1,315,INR,315
Prod005,Cus007,Mark004,2019-02-01,1,157,INR,157
Prod005,Cus007,Mark004,2019-02-08,1,472,INR,472
Prod005,Cus007,Mark004,2019-02-15,1,472,INR,472
Prod005,Cus007,Mark004,2019-02-22,1,315,INR,315
Prod005,Cus007,Mark004,2019-03-01,1,472,INR,472
Prod005,Cus007,Mark004,2019-03-08,1,315,INR,315
Prod005,Cus007,Mark004,2019-03-15,1,157,INR,157
Prod005,Cus007,Mark004,2019-03-22,1,315,INR,315
Prod005,Cus007,Mark004,2019-03-29,1,315,INR,315
Prod005,Cus007,Mark004,2019-04-05,1,315,INR,315
Prod005,Cus007,Mark004,2019-04-12,1,787,INR,787
Prod005,Cus007,Mark004,2019-04-23,1,630,INR,630
Prod005,Cus007,Mark004,2019-04-29,1,472,INR,472
Prod005,Cus007,Mark004,2019-05-06,1,315,INR,315
Prod005,Cus007,Mark004,2019-05-10,1,787,INR,787
Prod005,Cus007,Mark004,2019-05-17,1,1102,INR,1102
Prod005,Cus007,Mark004,2019-06-03,1,787,INR,787
Prod005,Cus007,Mark004,2019-06-07,1,157,INR,157
Prod005,Cus007,Mark004,2019-06-17,1,315,INR,315
Prod005,Cus007,Mark004,2019-06-24,1,315,INR,315
Prod005,Cus007,Mark004,2019-06-28,1,315,INR,315
Prod005,Cus007,Mark004,2019-07-05,1,472,INR,472
Prod005,Cus007,Mark004,2019-07-12,1,630,INR,630
Prod005,Cus007,Mark004,2019-07-19,1,944,INR,944
Prod005,Cus007,Mark004,2019-07-26,2,1417,INR,1417
Prod005,Cus007,Mark004,2019-08-02,2,1417,INR,1417
Prod005,Cus007,Mark004,2019-08-09,1,787,INR,787
Prod005,Cus007,Mark004,2019-08-16,1,1259,INR,1259
Prod005,Cus007,Mark004,2019-09-02,2,1574,INR,1574
Prod005,Cus007,Mark004,2019-09-03,1,630,INR,630
Prod005,Cus007,Mark004,2019-09-06,1,157,INR,157
Prod005,Cus007,Mark004,2019-09-13,2,1417,INR,1417
Prod005,Cus007,Mark004,2019-09-20,1,630,INR,630
Prod005,Cus007,Mark004,2019-09-23,200,66111,INR,66111
Prod005,Cus007,Mark004,2019-09-27,2,1884,INR,1884
Prod005,Cus007,Mark004,2019-10-07,1,944,INR,944
Prod005,Cus007,Mark004,2019-10-28,7,2574,INR,2574
Prod005,Cus007,Mark004,2019-11-08,1,630,INR,630
Prod005,Cus007,Mark004,2019-11-15,1,472,INR,472
Prod005,Cus007,Mark004,2019-11-22,1,944,INR,944
Prod005,Cus007,Mark004,2019-11-29,2,1417,INR,1417
Prod005,Cus007,Mark004,2019-12-06,1,1259,INR,1259
Prod005,Cus007,Mark004,2019-12-13,4,3773,INR,3773
Prod005,Cus007,Mark004,2019-12-20,1,315,INR,315
Prod005,Cus007,Mark004,2020-01-09,1,630,INR,630
Prod005,Cus007,Mark004,2020-01-10,1,472,INR,472
Prod005,Cus007,Mark004,2020-01-17,2,2042,INR,2042
Prod005,Cus007,Mark004,2020-02-07,1,417,INR,417
Prod005,Cus007,Mark004,2020-02-14,1,310,INR,310
Prod005,Cus007,Mark004,2020-02-28,1,208,INR,208
Prod005,Cus007,Mark004,2020-03-06,1,620,INR,620
Prod005,Cus007,Mark004,2020-03-13,1,620,INR,620
Prod005,Cus007,Mark004,2020-04-03,1,829,INR,829
Prod005,Cus007,Mark004,2020-04-14,4,2694,INR,2694
Prod005,Cus007,Mark004,2020-04-20,1,102,INR,102
Prod005,Cus007,Mark004,2020-05-15,2,528,INR,528
Prod006,Cus005,Mark004,2017-10-24,1,380,INR,380
Prod006,Cus007,Mark004,2017-10-25,1,560,INR,560
Prod006,Cus007,Mark004,2017-10-30,1,560,INR,560
Prod006,Cus007,Mark004,2017-11-27,1,1116,INR,1116
Prod006,Cus008,Mark005,2017-12-11,1,657,INR,657
Prod006,Cus007,Mark004,2017-12-12,1,560,INR,560
Prod006,Cus008,Mark005,2017-12-19,1,657,INR,657
Prod006,Cus007,Mark004,2018-02-12,1,560,INR,560
Prod007,Cus007,Mark004,2018-10-19,11,6218,INR,6218
Prod008,Cus007,Mark004,2017-11-20,7,2426,INR,2426
Prod008,Cus007,Mark004,2017-11-24,33,15278,INR,15278
Prod009,Cus009,Mark002,2018-11-14,3,3032,INR,3032
Prod009,Cus010,Mark003,2019-05-22,2,3194,INR,3194
Prod009,Cus010,Mark003,2019-05-23,1,912,INR,912
Prod009,Cus010,Mark003,2019-05-28,1,1824,INR,1824
Prod009,Cus010,Mark003,2019-05-29,1,458,INR,458
Prod009,Cus003,Mark003,2019-05-31,3,4444,INR,4444
Prod009,Cus010,Mark003,2019-06-03,1,458,INR,458
Prod009,Cus010,Mark003,2019-06-04,1,458,INR,458
Prod009,Cus010,Mark003,2019-06-05,1,1824,INR,1824
Prod009,Cus003,Mark003,2019-06-05,2,2667,INR,2667
Prod009,Cus010,Mark003,2019-06-06,14,19171,INR,19171
Prod009,Cus010,Mark003,2019-06-07,1,458,INR,458
Prod009,Cus010,Mark003,2019-06-11,1,458,INR,458
Prod009,Cus010,Mark003,2019-06-12,1,458,INR,458
Prod009,Cus010,Mark003,2019-06-14,1,1370,INR,1370
Prod009,Cus003,Mark003,2019-06-14,2,2667,INR,2667
Prod009,Cus003,Mark003,2019-06-17,1,1333,INR,1333
Prod009,Cus011,Mark003,2019-06-18,1,597,INR,597
Prod009,Cus003,Mark003,2019-06-18,7,8889,INR,8889
Prod009,Cus003,Mark003,2019-06-19,1,1778,INR,1778
Prod009,Cus010,Mark003,2019-06-28,7,9130,INR,9130
Prod010,Cus011,Mark003,2018-04-23,1,602,INR,602
Prod010,Cus012,Mark003,2018-05-03,2,3227,INR,3227
Prod010,Cus003,Mark003,2018-05-04,1,449,INR,449
Prod010,Cus003,Mark003,2018-05-07,1,449,INR,449
Prod010,Cus003,Mark003,2018-05-09,1,449,INR,449
Prod010,Cus003,Mark003,2018-05-11,1,449,INR,449
Prod010,Cus013,Mark003,2018-05-11,7,9880,INR,9880
Prod010,Cus011,Mark003,2018-05-16,1,301,INR,301
Prod010,Cus014,Mark003,2018-05-16,6,7954,INR,7954
Prod010,Cus012,Mark003,2018-05-17,1,2153,INR,2153
Prod010,Cus014,Mark003,2018-05-17,4,5306,INR,5306
Prod010,Cus003,Mark003,2018-05-18,1,1801,INR,1801
Prod010,Cus003,Mark003,2018-05-23,2,2699,INR,2699
Prod010,Cus012,Mark003,2018-05-24,1,1616,INR,1616
Prod010,Cus003,Mark003,2018-05-25,2,2245,INR,2245
Prod010,Cus003,Mark003,2018-05-28,1,903,INR,903
Prod010,Cus014,Mark003,2018-05-29,4,5306,INR,5306
Prod010,Cus010,Mark003,2018-05-30,3,3778,INR,3778
Prod010,Cus012,Mark003,2018-05-31,1,537,INR,537
Prod010,Cus010,Mark003,2018-05-31,1,1417,INR,1417
Prod010,Cus014,Mark003,2018-05-31,4,5306,INR,5306
Prod010,Cus010,Mark003,2018-06-01,1,472,INR,472
Prod010,Cus003,Mark003,2018-06-01,3,4051,INR,4051
Prod010,Cus013,Mark003,2018-06-01,10,14815,INR,14815
Prod010,Cus003,Mark003,2018-06-06,3,4495,INR,4495
Prod010,Cus012,Mark003,2018-06-07,2,2690,INR,2690
Prod010,Cus010,Mark003,2018-06-07,1,1417,INR,1417
Prod010,Cus003,Mark003,2018-06-08,1,449,INR,449
Prod010,Cus014,Mark003,2018-06-08,18,23866,INR,23866
Prod010,Cus003,Mark003,2018-06-11,1,898,INR,898
Prod010,Cus013,Mark003,2018-06-11,3,4940,INR,4940
Prod010,Cus003,Mark003,2018-06-13,1,449,INR,449
Prod010,Cus012,Mark003,2018-06-14,1,2153,INR,2153
Prod010,Cus010,Mark003,2018-06-14,1,472,INR,472
Prod010,Cus003,Mark003,2018-06-14,1,449,INR,449
Prod010,Cus014,Mark003,2018-06-14,4,5306,INR,5306
Prod010,Cus003,Mark003,2018-06-15,3,3602,INR,3602
Prod010,Cus011,Mark003,2018-06-18,4,3583,INR,3583
Prod010,Cus003,Mark003,2018-06-18,4,4954,INR,4954
Prod010,Cus010,Mark003,2018-06-21,1,1889,INR,1889
Prod010,Cus010,Mark003,2018-07-18,1,472,INR,472
Prod010,Cus003,Mark003,2018-07-18,1,1352,INR,1352
Prod010,Cus012,Mark003,2018-07-19,1,1616,INR,1616
Prod010,Cus003,Mark003,2018-07-19,1,449,INR,449
Prod010,Cus003,Mark003,2018-07-23,1,1801,INR,1801
Prod010,Cus003,Mark003,2018-07-30,1,1801,INR,1801
Prod010,Cus003,Mark003,2019-01-25,1,449,INR,449
Prod010,Cus003,Mark003,2019-02-04,1,449,INR,449
Prod010,Cus003,Mark003,2019-02-20,1,449,INR,449
Prod010,Cus003,Mark003,2019-03-13,1,444,INR,444
Prod010,Cus003,Mark003,2019-03-28,1,444,INR,444
Prod011,Cus016,Mark002,2017-10-06,1,505,INR,505
Prod011,Cus016,Mark002,2017-10-13,1,1514,INR,1514
Prod011,Cus016,Mark002,2017-10-20,1,2023,INR,2023
Prod011,Cus016,Mark002,2017-10-27,25,37889,INR,37889
Prod011,Cus016,Mark002,2018-02-08,1,593,INR,593
Prod011,Cus007,Mark004,2018-02-16,1,597,INR,597
Prod011,Cus007,Mark004,2018-02-26,1,2389,INR,2389
Prod011,Cus016,Mark002,2018-03-01,1,593,INR,593
Prod011,Cus007,Mark004,2018-03-02,1,1194,INR,1194
Prod011,Cus007,Mark004,2018-03-05,8,13736,INR,13736
Prod011,Cus007,Mark004,2018-03-12,1,1194,INR,1194
Prod011,Cus007,Mark004,2018-04-03,1,597,INR,597
Prod011,Cus007,Mark004,2018-04-09,1,597,INR,597
Prod011,Cus007,Mark004,2018-04-13,1,597,INR,597
Prod011,Cus017,Mark007,2018-04-24,17,17472,INR,17472
Prod011,Cus007,Mark004,2018-04-26,2,2986,INR,2986
Prod011,Cus007,Mark004,2018-04-27,2,2986,INR,2986
Prod011,Cus007,Mark004,2018-05-07,1,597,INR,597
Prod011,Cus007,Mark004,2018-05-14,1,1194,INR,1194
Prod011,Cus007,Mark004,2018-05-18,1,796,INR,796
Prod011,Cus017,Mark007,2018-05-31,26,26722,INR,26722
Prod011,Cus007,Mark004,2018-06-11,1,796,INR,796
Prod011,Cus007,Mark004,2018-06-13,1,796,INR,796
Prod011,Cus007,Mark004,2018-06-14,1,3185,INR,3185
Prod011,Cus007,Mark004,2018-06-18,1,796,INR,796
Prod011,Cus007,Mark004,2018-06-22,1,2389,INR,2389
Prod011,Cus007,Mark004,2018-06-29,1,3185,INR,3185
Prod011,Cus007,Mark004,2018-07-09,2,5574,INR,5574
Prod011,Cus007,Mark004,2018-07-13,1,796,INR,796
Prod011,Cus007,Mark004,2018-07-20,1,796,INR,796
Prod011,Cus007,Mark004,2018-07-27,1,796,INR,796
Prod011,Cus007,Mark004,2018-08-03,1,1593,INR,1593
Prod011,Cus016,Mark002,2018-10-12,1,514,INR,514
Prod011,Cus007,Mark004,2018-10-17,1,4759,INR,4759
Prod011,Cus007,Mark004,2018-10-25,1,1190,INR,1190
Prod011,Cus007,Mark004,2018-10-26,1,1190,INR,1190
Prod011,Cus016,Mark002,2018-10-31,3,4106,INR,4106
Prod011,Cus007,Mark004,2018-11-05,2,5949,INR,5949
Prod011,Cus007,Mark004,2018-11-06,2,5949,INR,5949
Prod011,Cus016,Mark002,2018-12-07,1,514,INR,514
Prod011,Cus016,Mark002,2018-12-14,1,514,INR,514
Prod011,Cus016,Mark002,2018-12-21,1,514,INR,514
Prod011,Cus016,Mark002,2019-01-28,1,514,INR,514
Prod011,Cus016,Mark002,2019-02-01,1,514,INR,514
Prod011,Cus016,Mark002,2019-02-08,1,1028,INR,1028
Prod011,Cus016,Mark002,2019-02-15,1,2056,INR,2056
Prod011,Cus007,Mark004,2019-02-22,1,796,INR,796
Prod011,Cus016,Mark002,2019-02-22,1,1542,INR,1542
Prod011,Cus016,Mark002,2019-03-01,1,514,INR,514
Prod011,Cus016,Mark002,2019-03-08,1,1028,INR,1028
Prod011,Cus007,Mark004,2019-04-12,1,796,INR,796
Prod011,Cus007,Mark004,2019-06-03,1,796,INR,796
Prod011,Cus007,Mark004,2019-06-17,1,1593,INR,1593
Prod011,Cus007,Mark004,2019-06-24,1,796,INR,796
Prod011,Cus011,Mark003,2019-07-15,1,611,INR,611
Prod011,Cus016,Mark002,2019-08-16,1,1028,INR,1028
Prod011,Cus016,Mark002,2019-09-27,1,514,INR,514
Prod011,Cus016,Mark002,2019-10-04,1,514,INR,514
Prod011,Cus016,Mark002,2019-10-18,1,514,INR,514
Prod011,Cus007,Mark004,2019-10-21,1,796,INR,796
Prod011,Cus007,Mark004,2019-10-25,1,796,INR,796
Prod011,Cus016,Mark002,2019-11-01,1,514,INR,514
Prod011,Cus007,Mark004,2019-11-04,1,796,INR,796
Prod011,Cus007,Mark004,2019-11-08,1,1593,INR,1593
Prod011,Cus016,Mark002,2019-11-08,1,514,INR,514
Prod011,Cus007,Mark004,2019-11-15,1,3185,INR,3185
Prod011,Cus016,Mark002,2019-11-15,1,514,INR,514
Prod011,Cus016,Mark002,2019-11-18,1,514,INR,514
Prod011,Cus007,Mark004,2019-12-06,2,4778,INR,4778
Prod011,Cus016,Mark002,2019-12-06,1,514,INR,514
Prod011,Cus007,Mark004,2019-12-13,4,10352,INR,10352
Prod011,Cus007,Mark004,2019-12-20,1,796,INR,796
Prod011,Cus016,Mark002,2020-06-12,1,1028,INR,1028
Prod011,Cus016,Mark002,2020-06-16,1,514,INR,514
Prod012,Cus019,Mark002,2018-06-05,33,29648,INR,29648
Prod013,Cus001,Mark001,2017-10-10,240,143560,INR,143560
Prod013,Cus005,Mark004,2017-10-11,7,6204,INR,6204
Prod013,Cus007,Mark004,2017-10-16,1,495,INR,495
Prod013,Cus006,Mark004,2017-10-23,20,25130,INR,25130
Prod013,Cus007,Mark004,2017-10-25,1,986,INR,986
Prod013,Cus020,Mark004,2017-11-02,13,23898,INR,23898
Prod013,Cus005,Mark004,2017-11-03,1,296,INR,296
Prod013,Cus006,Mark004,2017-11-08,1,356,INR,356
Prod013,Cus007,Mark004,2017-11-14,1,1977,INR,1977
Prod013,Cus005,Mark004,2017-11-22,1,296,INR,296
Prod013,Cus006,Mark004,2017-11-22,7,8375,INR,8375
Prod013,Cus020,Mark004,2017-12-05,4,7171,INR,7171
Prod013,Cus006,Mark004,2017-12-15,1,356,INR,356
Prod013,Cus006,Mark004,2018-01-15,1,356,INR,356
Prod013,Cus006,Mark004,2018-01-22,7,8375,INR,8375
Prod013,Cus007,Mark004,2018-02-06,208,77931,INR,77931
Prod013,Cus007,Mark004,2018-02-08,105,40704,INR,40704
Prod013,Cus007,Mark004,2018-02-09,125,47074,INR,47074
Prod013,Cus007,Mark004,2018-02-14,10,4028,INR,4028
Prod013,Cus002,Mark002,2018-04-24,33,30167,INR,30167
Prod013,Cus007,Mark004,2018-05-24,6,1968,INR,1968
Prod014,Cus007,Mark004,2017-11-20,3,1366,INR,1366
Prod014,Cus007,Mark004,2017-12-01,1,495,INR,495
Prod014,Cus007,Mark004,2018-03-22,17,6713,INR,6713
Prod015,Cus007,Mark004,2018-05-18,57,27708,INR,27708
Prod016,Cus007,Mark004,2017-10-13,1,537,INR,537
Prod016,Cus005,Mark004,2017-10-17,7,7644,INR,7644
Prod016,Cus005,Mark004,2017-11-21,1,157,INR,157
Prod016,Cus007,Mark004,2017-11-24,8,10972,INR,10972
Prod016,Cus007,Mark004,2017-12-01,1,1218,INR,1218
Prod016,Cus007,Mark004,2017-12-04,9,13407,INR,13407
Prod016,Cus007,Mark004,2018-01-12,1,245,INR,245
Prod016,Cus007,Mark004,2018-02-22,1,245,INR,245
Prod016,Cus001,Mark001,2018-06-28,187,115481,INR,115481
Prod016,Cus006,Mark004,2018-06-29,38,78986,INR,78986
Prod016,Cus006,Mark004,2018-07-02,119,245546,INR,245546
Prod016,Cus006,Mark004,2018-07-03,79,162292,INR,162292
Prod016,Cus006,Mark004,2018-07-04,1,412,INR,412
Prod016,Cus006,Mark004,2018-07-06,5,7981,INR,7981
Prod016,Cus006,Mark004,2018-07-11,19,27505,INR,27505
Prod016,Cus021,Mark005,2018-07-13,173,145921,INR,145921
Prod016,Cus006,Mark004,2018-07-13,1,546,INR,546
Prod016,Cus006,Mark004,2018-07-19,20,28167,INR,28167
Prod016,Cus006,Mark004,2018-07-24,23,32764,INR,32764
Prod016,Cus006,Mark004,2018-07-25,5,6648,INR,6648
Prod016,Cus006,Mark004,2018-07-26,28,40366,INR,40366
Prod016,Cus006,Mark004,2018-07-27,3,4273,INR,4273
Prod016,Cus006,Mark004,2018-07-31,1,949,INR,949
Prod016,Cus006,Mark004,2018-08-01,1,477,INR,477
Prod016,Cus006,Mark004,2018-08-02,1,949,INR,949
Prod016,Cus006,Mark004,2018-08-03,41,70356,INR,70356
Prod016,Cus005,Mark004,2018-08-07,7,6528,INR,6528
Prod016,Cus006,Mark004,2018-08-07,1,477,INR,477
Prod016,Cus006,Mark004,2018-08-10,12,19727,INR,19727
Prod016,Cus006,Mark004,2018-08-15,2,3324,INR,3324
Prod016,Cus007,Mark004,2018-09-12,227,103889,INR,103889
Prod016,Cus007,Mark004,2018-09-13,36,18167,INR,18167
Prod016,Cus006,Mark004,2019-02-06,112,106560,INR,106560
Prod016,Cus006,Mark004,2019-03-15,50,90130,INR,90130
Prod016,Cus006,Mark004,2019-03-22,30,54079,INR,54079
Prod016,Cus021,Mark005,2019-05-08,182,153815,INR,153815
Prod016,Cus005,Mark004,2019-05-17,1,306,INR,306
Prod016,Cus021,Mark005,2019-07-12,157,132519,INR,132519
Prod016,Cus006,Mark004,2019-07-29,111,152833,INR,152833
Prod016,Cus006,Mark004,2019-08-01,7,10144,INR,10144
Prod016,Cus006,Mark004,2019-08-28,7,8991,INR,8991
Prod016,Cus007,Mark004,2019-09-06,1,1218,INR,1218
Prod016,Cus007,Mark004,2019-09-13,1,1708,INR,1708
Prod016,Cus007,Mark004,2019-09-19,177,79676,INR,79676
Prod016,Cus007,Mark004,2019-09-20,1,486,INR,486
Prod016,Cus006,Mark004,2019-10-10,18,25356,INR,25356
Prod016,Cus006,Mark004,2019-11-07,13,17519,INR,17519
Prod016,Cus007,Mark004,2019-11-29,4,6338,INR,6338
Prod017,Cus022,Mark002,2017-10-05,4,9190,INR,9190
Prod017,Cus016,Mark002,2017-10-06,4,8384,INR,8384
Prod017,Cus016,Mark002,2017-10-12,2,4889,INR,4889
Prod017,Cus016,Mark002,2017-10-13,2,3495,INR,3495
Prod017,Cus023,Mark002,2017-10-13,1,2065,INR,2065
Prod017,Cus023,Mark002,2017-10-25,1,1380,INR,1380
Prod017,Cus016,Mark002,2017-10-27,6,11870,INR,11870
Prod017,Cus016,Mark002,2017-11-03,6,12574,INR,12574
Prod017,Cus016,Mark002,2017-11-06,1,2796,INR,2796
Prod017,Cus016,Mark002,2017-11-10,2,4889,INR,4889
Prod017,Cus016,Mark002,2017-11-17,1,2792,INR,2792
Prod017,Cus023,Mark002,2017-11-20,33,68898,INR,68898
Prod017,Cus016,Mark002,2017-11-23,1,2792,INR,2792
Prod017,Cus016,Mark002,2017-11-24,3,6991,INR,6991
Prod017,Cus024,Mark002,2017-11-27,1,681,INR,681
Prod017,Cus023,Mark002,2017-11-30,22,44782,INR,44782
Prod017,Cus016,Mark002,2017-12-01,13,26537,INR,26537
Prod017,Cus023,Mark002,2017-12-06,2,3444,INR,3444
Prod017,Cus016,Mark002,2017-12-07,2,4190,INR,4190
Prod017,Cus023,Mark002,2017-12-07,1,2755,INR,2755
Prod017,Cus016,Mark002,2017-12-08,9,18852,INR,18852
Prod017,Cus023,Mark002,2017-12-12,1,1380,INR,1380
Prod017,Cus016,Mark002,2017-12-14,3,6287,INR,6287
Prod017,Cus016,Mark002,2017-12-15,20,41199,INR,41199
Prod017,Cus024,Mark002,2017-12-18,1,1356,INR,1356
Prod017,Cus024,Mark002,2017-12-19,1,681,INR,681
Prod017,Cus016,Mark002,2017-12-21,3,5588,INR,5588
Prod017,Cus016,Mark002,2017-12-22,15,32125,INR,32125
Prod017,Cus023,Mark002,2017-12-22,7,13778,INR,13778
Prod017,Cus016,Mark002,2018-01-02,2,4194,INR,4194
Prod017,Cus024,Mark002,2018-01-02,1,2713,INR,2713
Prod017,Cus016,Mark002,2018-01-05,31,65648,INR,65648
Prod017,Cus023,Mark002,2018-01-08,23,48231,INR,48231
Prod017,Cus016,Mark002,2018-01-12,8,16065,INR,16065
Prod017,Cus024,Mark002,2018-01-15,1,1356,INR,1356
Prod017,Cus024,Mark002,2018-01-16,1,1356,INR,1356
Prod017,Cus024,Mark002,2018-01-29,1,681,INR,681
Prod017,Cus016,Mark002,2018-02-01,1,1398,INR,1398
Prod017,Cus016,Mark002,2018-02-02,10,20255,INR,20255
Prod017,Cus024,Mark002,2018-02-06,1,681,INR,681
Prod017,Cus016,Mark002,2018-02-09,1,699,INR,699
Prod017,Cus022,Mark002,2018-02-22,6,12014,INR,12014
Prod017,Cus024,Mark002,2018-04-10,1,681,INR,681
Prod017,Cus025,Mark002,2018-04-19,19,43537,INR,43537
Prod017,Cus024,Mark002,2018-04-23,1,681,INR,681
Prod017,Cus025,Mark002,2018-05-08,28,65310,INR,65310
Prod017,Cus024,Mark002,2018-05-15,1,681,INR,681
Prod017,Cus025,Mark002,2018-06-04,9,21769,INR,21769
Prod017,Cus025,Mark002,2018-06-08,1,2176,INR,2176
Prod018,Cus023,Mark002,2018-01-16,8,17222,INR,17222
Prod018,Cus023,Mark002,2018-01-17,24,48917,INR,48917
Prod018,Cus023,Mark002,2018-02-09,1,1380,INR,1380
Prod018,Cus026,Mark008,2018-02-12,13,26333,INR,26333
Prod018,Cus026,Mark008,2018-02-16,13,26333,INR,26333
Prod018,Cus016,Mark002,2018-02-22,1,347,INR,347
Prod018,Cus022,Mark002,2018-02-22,3,6125,INR,6125
Prod018,Cus016,Mark002,2018-02-23,5,10824,INR,10824
Prod018,Cus022,Mark002,2018-02-26,1,3065,INR,3065
Prod018,Cus023,Mark002,2018-03-01,1,1380,INR,1380
Prod018,Cus016,Mark002,2018-03-02,2,3843,INR,3843
Prod018,Cus022,Mark002,2018-03-05,1,3065,INR,3065
Prod018,Cus022,Mark002,2018-03-06,1,3065,INR,3065
Prod018,Cus022,Mark002,2018-03-08,1,3065,INR,3065
Prod018,Cus022,Mark002,2018-03-09,1,3065,INR,3065
Prod018,Cus022,Mark002,2018-03-15,3,6130,INR,6130
Prod018,Cus022,Mark002,2018-03-19,1,3065,INR,3065
Prod018,Cus025,Mark002,2018-03-19,5,10884,INR,10884
Prod018,Cus022,Mark002,2018-03-20,1,3065,INR,3065
Prod018,Cus022,Mark002,2018-03-21,1,3065,INR,3065
Prod018,Cus023,Mark002,2018-03-21,1,343,INR,343
Prod018,Cus022,Mark002,2018-03-23,1,3065,INR,3065
Prod018,Cus023,Mark002,2018-03-23,1,690,INR,690
Prod018,Cus022,Mark002,2018-03-27,1,3065,INR,3065
Prod018,Cus022,Mark002,2018-03-28,1,3065,INR,3065
Prod018,Cus022,Mark002,2018-03-29,1,3065,INR,3065
Prod018,Cus023,Mark002,2018-03-29,1,1380,INR,1380
Prod018,Cus022,Mark002,2018-04-04,1,3065,INR,3065
Prod018,Cus022,Mark002,2018-04-06,5,12250,INR,12250
Prod018,Cus023,Mark002,2018-04-11,2,4130,INR,4130
Prod018,Cus022,Mark002,2018-04-12,3,6125,INR,6125
Prod018,Cus025,Mark002,2018-04-12,14,32653,INR,32653
Prod018,Cus011,Mark003,2018-04-13,11,37690,INR,37690
Prod018,Cus022,Mark002,2018-04-17,1,3065,INR,3065
Prod018,Cus023,Mark002,2018-04-18,2,3444,INR,3444
Prod018,Cus022,Mark002,2018-04-19,4,9190,INR,9190
Prod018,Cus022,Mark002,2018-04-20,1,3065,INR,3065
Prod018,Cus022,Mark002,2018-04-23,1,3065,INR,3065
Prod018,Cus024,Mark002,2018-04-24,2,3056,INR,3056
Prod018,Cus011,Mark003,2018-04-27,10,34157,INR,34157
Prod018,Cus022,Mark002,2018-04-27,1,3065,INR,3065
Prod018,Cus022,Mark002,2018-04-30,1,3065,INR,3065
Prod018,Cus024,Mark002,2018-04-30,2,3056,INR,3056
Prod018,Cus023,Mark002,2018-04-30,1,2065,INR,2065
Prod018,Cus022,Mark002,2018-05-03,3,6125,INR,6125
Prod018,Cus023,Mark002,2018-05-03,1,1380,INR,1380
Prod018,Cus022,Mark002,2018-05-04,4,9190,INR,9190
Prod018,Cus011,Mark003,2018-05-07,6,20023,INR,20023
Prod018,Cus022,Mark002,2018-05-09,1,3065,INR,3065
Prod018,Cus022,Mark002,2018-05-09,13,28269,INR,28269
Prod018,Cus022,Mark002,2018-05-14,1,3065,INR,3065
Prod018,Cus024,Mark002,2018-05-14,2,3056,INR,3056
Prod018,Cus024,Mark002,2018-05-15,2,3056,INR,3056
Prod018,Cus022,Mark002,2018-05-16,1,3065,INR,3065
Prod018,Cus022,Mark002,2018-05-16,13,28269,INR,28269
Prod018,Cus011,Mark003,2018-05-17,1,1176,INR,1176
Prod018,Cus022,Mark002,2018-05-17,3,6125,INR,6125
Prod018,Cus022,Mark002,2018-05-17,27,56537,INR,56537
Prod018,Cus011,Mark003,2018-05-18,5,16491,INR,16491
Prod018,Cus022,Mark002,2018-05-18,1,3065,INR,3065
Prod018,Cus022,Mark002,2018-05-18,13,28269,INR,28269
Prod018,Cus024,Mark002,2018-05-21,2,3056,INR,3056
Prod018,Cus024,Mark002,2018-05-22,2,3056,INR,3056
Prod018,Cus022,Mark002,2018-05-23,1,3065,INR,3065
Prod018,Cus022,Mark002,2018-05-24,1,3065,INR,3065
Prod018,Cus022,Mark002,2018-05-25,1,3065,INR,3065
Prod018,Cus011,Mark003,2018-05-28,4,14134,INR,14134
Prod018,Cus022,Mark002,2018-05-30,3,6125,INR,6125
Prod018,Cus011,Mark003,2018-06-01,5,16491,INR,16491
Prod018,Cus022,Mark002,2018-06-01,1,3065,INR,3065
Prod018,Cus022,Mark002,2018-06-04,1,3065,INR,3065
Prod018,Cus022,Mark002,2018-06-05,1,3065,INR,3065
Prod018,Cus022,Mark002,2018-06-07,3,6125,INR,6125
Prod018,Cus011,Mark003,2018-06-11,11,40046,INR,40046
Prod018,Cus022,Mark002,2018-06-11,1,3065,INR,3065
Prod018,Cus022,Mark002,2018-06-12,1,3065,INR,3065
Prod018,Cus024,Mark002,2018-06-12,1,338,INR,338
Prod018,Cus022,Mark002,2018-06-13,1,3065,INR,3065
Prod018,Cus022,Mark002,2018-06-14,5,12250,INR,12250
Prod018,Cus023,Mark002,2018-06-14,7,14407,INR,14407
Prod018,Cus022,Mark002,2018-06-15,3,6125,INR,6125
Prod018,Cus011,Mark003,2018-06-19,7,25912,INR,25912
Prod018,Cus026,Mark008,2018-06-19,27,52667,INR,52667
Prod018,Cus022,Mark002,2018-06-19,1,3065,INR,3065
Prod018,Cus024,Mark002,2018-06-19,1,338,INR,338
Prod018,Cus023,Mark002,2018-06-19,2,4319,INR,4319
Prod018,Cus022,Mark002,2018-06-20,1,3065,INR,3065
Prod018,Cus025,Mark002,2018-06-20,108,251903,INR,251903
Prod018,Cus022,Mark002,2018-06-21,5,12250,INR,12250
Prod018,Cus023,Mark002,2018-06-21,1,1440,INR,1440
Prod018,Cus011,Mark003,2018-06-25,6,21199,INR,21199
Prod018,Cus022,Mark002,2018-06-25,1,3065,INR,3065
Prod018,Cus022,Mark002,2018-06-27,3,6125,INR,6125
Prod018,Cus022,Mark002,2018-06-28,3,6125,INR,6125
Prod018,Cus023,Mark002,2018-06-28,1,361,INR,361
Prod018,Cus022,Mark002,2018-06-29,1,3065,INR,3065
Prod018,Cus011,Mark003,2018-07-02,16,55356,INR,55356
Prod018,Cus022,Mark002,2018-07-02,1,3065,INR,3065
Prod018,Cus022,Mark002,2018-07-05,4,9190,INR,9190
Prod018,Cus022,Mark002,2018-07-06,3,6125,INR,6125
Prod018,Cus011,Mark003,2018-07-09,8,29444,INR,29444
Prod018,Cus022,Mark002,2018-07-09,1,3065,INR,3065
Prod018,Cus022,Mark002,2018-07-10,1,3065,INR,3065
Prod018,Cus024,Mark002,2018-07-10,1,338,INR,338
Prod018,Cus023,Mark002,2018-07-10,1,1440,INR,1440
Prod018,Cus022,Mark002,2018-07-11,1,3065,INR,3065
Prod018,Cus023,Mark002,2018-07-12,1,2162,INR,2162
Prod018,Cus022,Mark002,2018-07-13,1,3065,INR,3065
Prod018,Cus022,Mark002,2018-07-16,1,3065,INR,3065
Prod018,Cus011,Mark003,2018-07-17,2,7065,INR,7065
Prod018,Cus022,Mark002,2018-07-17,5,12250,INR,12250
Prod018,Cus022,Mark002,2018-07-19,3,6125,INR,6125
Prod018,Cus022,Mark002,2018-07-19,13,28269,INR,28269
Prod018,Cus023,Mark002,2018-07-20,1,1440,INR,1440
Prod018,Cus022,Mark002,2018-07-25,3,6125,INR,6125
Prod018,Cus022,Mark002,2018-07-26,1,3065,INR,3065
Prod018,Cus022,Mark002,2018-07-27,1,3065,INR,3065
Prod018,Cus022,Mark002,2018-07-30,1,3065,INR,3065
Prod018,Cus023,Mark002,2018-07-30,1,2162,INR,2162
Prod018,Cus022,Mark002,2018-08-01,1,3065,INR,3065
Prod018,Cus022,Mark002,2018-08-02,1,3065,INR,3065
Prod018,Cus025,Mark002,2018-08-02,24,55977,INR,55977
Prod018,Cus022,Mark002,2018-08-03,1,3065,INR,3065
Prod018,Cus022,Mark002,2018-08-06,1,3065,INR,3065
Prod018,Cus022,Mark002,2018-08-08,3,6125,INR,6125
Prod018,Cus022,Mark002,2018-08-09,1,3065,INR,3065
Prod018,Cus025,Mark002,2018-08-09,5,10495,INR,10495
Prod018,Cus011,Mark003,2018-08-10,13,45935,INR,45935
Prod018,Cus022,Mark002,2018-08-10,3,6125,INR,6125
Prod018,Cus022,Mark002,2018-08-13,3,6125,INR,6125
Prod018,Cus025,Mark002,2018-08-13,15,34986,INR,34986
Prod018,Cus022,Mark002,2018-08-14,1,3065,INR,3065
Prod018,Cus022,Mark002,2018-08-14,13,28269,INR,28269
Prod018,Cus022,Mark002,2018-08-17,4,9190,INR,9190
Prod018,Cus025,Mark002,2018-08-17,15,34986,INR,34986
Prod018,Cus011,Mark003,2018-08-20,10,36509,INR,36509
Prod018,Cus022,Mark002,2018-08-21,5,12250,INR,12250
Prod018,Cus024,Mark002,2018-08-21,1,338,INR,338
Prod018,Cus022,Mark002,2018-08-22,1,3065,INR,3065
Prod018,Cus022,Mark002,2018-08-23,3,6125,INR,6125
Prod018,Cus025,Mark002,2018-08-23,12,27991,INR,27991
Prod018,Cus022,Mark002,2018-08-24,3,6125,INR,6125
Prod018,Cus011,Mark003,2018-08-27,13,45935,INR,45935
Prod018,Cus022,Mark002,2018-08-29,1,3065,INR,3065
Prod018,Cus023,Mark002,2018-08-29,1,361,INR,361
Prod018,Cus022,Mark002,2018-08-31,7,15315,INR,15315
Prod018,Cus025,Mark002,2018-08-31,20,45481,INR,45481
Prod018,Cus011,Mark003,2018-09-03,40,140157,INR,140157
Prod018,Cus022,Mark002,2018-09-03,1,3065,INR,3065
Prod018,Cus025,Mark002,2018-09-03,8,17495,INR,17495
Prod018,Cus022,Mark002,2018-09-04,13,28269,INR,28269
Prod018,Cus025,Mark002,2018-09-06,15,34986,INR,34986
Prod018,Cus023,Mark002,2018-09-06,1,361,INR,361
Prod018,Cus022,Mark002,2018-09-07,1,3065,INR,3065
Prod018,Cus025,Mark002,2018-09-07,26,59477,INR,59477
Prod018,Cus023,Mark002,2018-09-07,1,1079,INR,1079
Prod018,Cus022,Mark002,2018-09-10,3,6125,INR,6125
Prod018,Cus024,Mark002,2018-09-12,1,681,INR,681
Prod018,Cus022,Mark002,2018-09-13,3,6130,INR,6130
Prod018,Cus025,Mark002,2018-09-13,8,17495,INR,17495
Prod018,Cus023,Mark002,2018-09-13,1,1440,INR,1440
Prod018,Cus022,Mark002,2018-09-14,3,6125,INR,6125
Prod018,Cus022,Mark002,2018-09-17,1,3065,INR,3065
Prod018,Cus024,Mark002,2018-09-18,1,676,INR,676
Prod018,Cus022,Mark002,2018-09-19,1,3065,INR,3065
Prod018,Cus022,Mark002,2018-09-21,1,3065,INR,3065
Prod018,Cus022,Mark002,2018-09-21,13,28269,INR,28269
Prod018,Cus022,Mark002,2018-09-24,1,3065,INR,3065
Prod018,Cus016,Mark002,2018-09-26,12,24792,INR,24792
Prod018,Cus022,Mark002,2018-09-26,1,3065,INR,3065
Prod018,Cus022,Mark002,2018-09-27,1,3065,INR,3065
Prod018,Cus022,Mark002,2018-09-28,1,3065,INR,3065
Prod018,Cus023,Mark002,2018-09-28,1,1440,INR,1440
Prod018,Cus016,Mark002,2018-10-01,6,11519,INR,11519
Prod018,Cus022,Mark002,2018-10-01,1,3065,INR,3065
Prod018,Cus024,Mark002,2018-10-01,1,1356,INR,1356
Prod018,Cus024,Mark002,2018-10-02,1,1019,INR,1019
Prod018,Cus022,Mark002,2018-10-03,1,3065,INR,3065
Prod018,Cus011,Mark003,2018-10-08,1,1176,INR,1176
Prod018,Cus016,Mark002,2018-10-08,1,1398,INR,1398
Prod018,Cus022,Mark002,2018-10-08,3,6125,INR,6125
Prod018,Cus022,Mark002,2018-10-09,4,9190,INR,9190
Prod018,Cus022,Mark002,2018-10-11,1,3065,INR,3065
Prod018,Cus025,Mark002,2018-10-11,8,17495,INR,17495
Prod018,Cus023,Mark002,2018-10-11,1,722,INR,722
Prod018,Cus016,Mark002,2018-10-12,8,17463,INR,17463
Prod018,Cus022,Mark002,2018-10-12,5,12250,INR,12250
Prod018,Cus022,Mark002,2018-10-12,80,169606,INR,169606
Prod018,Cus025,Mark002,2018-10-15,8,17495,INR,17495
Prod018,Cus022,Mark002,2018-10-17,1,3065,INR,3065
Prod018,Cus024,Mark002,2018-10-17,1,338,INR,338
Prod018,Cus022,Mark002,2018-10-17,13,28269,INR,28269
Prod018,Cus022,Mark002,2018-10-18,1,3065,INR,3065
Prod018,Cus025,Mark002,2018-10-18,8,17495,INR,17495
Prod018,Cus023,Mark002,2018-10-18,1,361,INR,361
Prod018,Cus022,Mark002,2018-10-19,1,3065,INR,3065
Prod018,Cus022,Mark002,2018-10-19,13,28269,INR,28269
Prod018,Cus016,Mark002,2018-10-22,2,3495,INR,3495
Prod018,Cus022,Mark002,2018-10-22,3,6125,INR,6125
Prod018,Cus025,Mark002,2018-10-22,3,6995,INR,6995
Prod018,Cus016,Mark002,2018-10-23,1,1745,INR,1745
Prod018,Cus023,Mark002,2018-10-23,1,722,INR,722
Prod018,Cus016,Mark002,2018-10-24,2,4190,INR,4190
Prod018,Cus022,Mark002,2018-10-25,1,3065,INR,3065
Prod018,Cus025,Mark002,2018-10-25,17,38486,INR,38486
Prod018,Cus022,Mark002,2018-10-29,1,3065,INR,3065
Prod018,Cus025,Mark002,2018-10-29,23,52481,INR,52481
Prod018,Cus016,Mark002,2018-10-30,17,35963,INR,35963
Prod018,Cus022,Mark002,2018-10-30,13,28269,INR,28269
Prod018,Cus022,Mark002,2018-10-31,1,3065,INR,3065
Prod018,Cus022,Mark002,2018-11-01,15,33690,INR,33690
Prod018,Cus022,Mark002,2018-11-01,13,28269,INR,28269
Prod018,Cus022,Mark002,2018-11-02,3,6125,INR,6125
Prod018,Cus023,Mark002,2018-11-02,1,722,INR,722
Prod018,Cus022,Mark002,2018-11-05,4,9190,INR,9190
Prod018,Cus016,Mark002,2018-11-06,18,38060,INR,38060
Prod018,Cus025,Mark002,2018-11-06,8,17495,INR,17495
Prod018,Cus022,Mark002,2018-11-06,13,28269,INR,28269
Prod018,Cus016,Mark002,2018-11-07,11,23394,INR,23394
Prod018,Cus022,Mark002,2018-11-08,4,9190,INR,9190
Prod018,Cus025,Mark002,2018-11-08,9,20991,INR,20991
Prod018,Cus016,Mark002,2018-11-09,21,43991,INR,43991
Prod018,Cus022,Mark002,2018-11-12,3,6125,INR,6125
Prod018,Cus025,Mark002,2018-11-12,15,34986,INR,34986
Prod018,Cus022,Mark002,2018-11-12,13,28269,INR,28269
Prod018,Cus022,Mark002,2018-11-13,1,3065,INR,3065
Prod018,Cus022,Mark002,2018-11-13,13,28269,INR,28269
Prod018,Cus022,Mark002,2018-11-14,1,3065,INR,3065
Prod018,Cus022,Mark002,2018-11-15,3,6125,INR,6125
Prod018,Cus025,Mark002,2018-11-15,8,17495,INR,17495
Prod018,Cus016,Mark002,2018-11-16,37,77870,INR,77870
Prod018,Cus022,Mark002,2018-11-16,13,28269,INR,28269
Prod018,Cus025,Mark002,2018-11-20,8,17495,INR,17495
Prod018,Cus022,Mark002,2018-11-20,13,28269,INR,28269
Prod018,Cus022,Mark002,2018-11-21,1,3065,INR,3065
Prod018,Cus022,Mark002,2018-11-22,3,6125,INR,6125
Prod018,Cus025,Mark002,2018-11-22,23,52481,INR,52481
Prod018,Cus022,Mark002,2018-11-22,13,28269,INR,28269
Prod018,Cus016,Mark002,2018-11-23,6,13264,INR,13264
Prod018,Cus022,Mark002,2018-11-23,4,9190,INR,9190
Prod018,Cus023,Mark002,2018-11-23,17,36014,INR,36014
Prod018,Cus016,Mark002,2018-11-26,58,121509,INR,121509
Prod018,Cus022,Mark002,2018-11-27,13,28269,INR,28269
Prod018,Cus023,Mark002,2018-11-27,33,72028,INR,72028
Prod018,Cus016,Mark002,2018-11-29,22,46444,INR,46444
Prod018,Cus022,Mark002,2018-11-29,1,3065,INR,3065
Prod018,Cus025,Mark002,2018-11-29,8,17495,INR,17495
Prod018,Cus022,Mark002,2018-11-29,13,28269,INR,28269
Prod018,Cus022,Mark002,2018-12-03,1,3065,INR,3065
Prod018,Cus025,Mark002,2018-12-03,8,17495,INR,17495
Prod018,Cus022,Mark002,2018-12-04,1,3065,INR,3065
Prod018,Cus022,Mark002,2018-12-04,13,28269,INR,28269
Prod018,Cus022,Mark002,2018-12-06,1,3065,INR,3065
Prod018,Cus025,Mark002,2018-12-06,15,34986,INR,34986
Prod018,Cus022,Mark002,2018-12-06,13,28269,INR,28269
Prod018,Cus016,Mark002,2018-12-07,59,122898,INR,122898
Prod018,Cus022,Mark002,2018-12-10,1,3065,INR,3065
Prod018,Cus025,Mark002,2018-12-10,23,52481,INR,52481
Prod018,Cus022,Mark002,2018-12-10,13,28269,INR,28269
Prod018,Cus022,Mark002,2018-12-12,1,3065,INR,3065
Prod018,Cus016,Mark002,2018-12-13,9,19556,INR,19556
Prod018,Cus022,Mark002,2018-12-13,1,3065,INR,3065
Prod018,Cus025,Mark002,2018-12-13,8,17495,INR,17495
Prod018,Cus016,Mark002,2018-12-14,18,38407,INR,38407
Prod018,Cus022,Mark002,2018-12-14,4,9190,INR,9190
Prod018,Cus022,Mark002,2018-12-17,3,6125,INR,6125
Prod018,Cus025,Mark002,2018-12-17,8,17495,INR,17495
Prod018,Cus024,Mark002,2018-12-17,1,338,INR,338
Prod018,Cus025,Mark002,2018-12-18,11,24491,INR,24491
Prod018,Cus022,Mark002,2018-12-20,3,6125,INR,6125
Prod018,Cus025,Mark002,2018-12-20,72,167935,INR,167935
Prod018,Cus016,Mark002,2018-12-21,108,226963,INR,226963
Prod018,Cus022,Mark002,2018-12-21,4,9190,INR,9190
Prod018,Cus022,Mark002,2018-12-21,67,141343,INR,141343
Prod018,Cus022,Mark002,2018-12-28,5,12250,INR,12250
Prod018,Cus025,Mark002,2019-01-04,27,62977,INR,62977
Prod018,Cus022,Mark002,2019-01-07,1,3065,INR,3065
Prod018,Cus024,Mark002,2019-01-07,1,338,INR,338
Prod018,Cus022,Mark002,2019-01-07,27,56532,INR,56532
Prod018,Cus016,Mark002,2019-01-08,8,17458,INR,17458
Prod018,Cus022,Mark002,2019-01-08,12,27565,INR,27565
Prod018,Cus024,Mark002,2019-01-08,1,338,INR,338
Prod018,Cus022,Mark002,2019-01-10,1,3065,INR,3065
Prod018,Cus016,Mark002,2019-01-11,18,38065,INR,38065
Prod018,Cus023,Mark002,2019-01-11,1,722,INR,722
Prod018,Cus022,Mark002,2019-01-14,1,3065,INR,3065
Prod018,Cus024,Mark002,2019-01-14,1,338,INR,338
Prod018,Cus022,Mark002,2019-01-15,13,28269,INR,28269
Prod018,Cus022,Mark002,2019-01-16,12,27565,INR,27565
Prod018,Cus022,Mark002,2019-01-17,13,28269,INR,28269
Prod018,Cus016,Mark002,2019-01-18,20,41898,INR,41898
Prod018,Cus022,Mark002,2019-01-18,12,27565,INR,27565
Prod018,Cus025,Mark002,2019-01-21,45,104958,INR,104958
Prod018,Cus023,Mark002,2019-01-21,1,722,INR,722
Prod018,Cus022,Mark002,2019-01-24,13,28269,INR,28269
Prod018,Cus022,Mark002,2019-01-25,53,113074,INR,113074
Prod018,Cus016,Mark002,2019-01-28,55,115921,INR,115921
Prod018,Cus025,Mark002,2019-01-28,24,55977,INR,55977
Prod018,Cus025,Mark002,2019-01-30,45,104958,INR,104958
Prod018,Cus022,Mark002,2019-01-31,8,18375,INR,18375
Prod018,Cus025,Mark002,2019-01-31,18,41981,INR,41981
Prod018,Cus022,Mark002,2019-01-31,13,28269,INR,28269
Prod018,Cus023,Mark002,2019-01-31,1,722,INR,722
Prod018,Cus016,Mark002,2019-02-01,15,31421,INR,31421
Prod018,Cus016,Mark002,2019-02-04,34,71231,INR,71231
Prod018,Cus023,Mark002,2019-02-05,1,722,INR,722
Prod018,Cus022,Mark002,2019-02-07,11,24500,INR,24500
Prod018,Cus025,Mark002,2019-02-07,15,34986,INR,34986
Prod018,Cus022,Mark002,2019-02-07,13,28269,INR,28269
Prod018,Cus016,Mark002,2019-02-08,26,55167,INR,55167
Prod018,Cus022,Mark002,2019-02-08,13,28269,INR,28269
Prod018,Cus025,Mark002,2019-02-11,8,17495,INR,17495
Prod018,Cus022,Mark002,2019-02-12,5,12250,INR,12250
Prod018,Cus022,Mark002,2019-02-12,13,28269,INR,28269
Prod018,Cus022,Mark002,2019-02-13,12,27565,INR,27565
Prod018,Cus022,Mark002,2019-02-14,7,15315,INR,15315
Prod018,Cus025,Mark002,2019-02-14,6,13995,INR,13995
Prod018,Cus022,Mark002,2019-02-14,13,28269,INR,28269
Prod018,Cus016,Mark002,2019-02-15,62,129546,INR,129546
Prod018,Cus022,Mark002,2019-02-15,4,9190,INR,9190
Prod018,Cus022,Mark002,2019-02-15,13,28269,INR,28269
Prod018,Cus022,Mark002,2019-02-18,3,6125,INR,6125
Prod018,Cus025,Mark002,2019-02-18,8,17495,INR,17495
